CREATE DATABASE `creditcards` /*!40100 DEFAULT CHARACTER SET utf8mb4 COLLATE utf8mb4_0900_ai_ci */ /*!80016 DEFAULT ENCRYPTION='N' */;

CREATE TABLE `card_type` (
  `Card_Type_ID` int NOT NULL AUTO_INCREMENT,
  `Name` varchar(45) DEFAULT NULL,
  PRIMARY KEY (`Card_Type_ID`)
) ENGINE=InnoDB AUTO_INCREMENT=4 DEFAULT CHARSET=utf8mb4 COLLATE=utf8mb4_0900_ai_ci;

-- creditcards.category definition

CREATE TABLE `category` (
  `Category_ID` int NOT NULL AUTO_INCREMENT,
  `Name` varchar(45) DEFAULT NULL,
  PRIMARY KEY (`Category_ID`)
) ENGINE=InnoDB AUTO_INCREMENT=22 DEFAULT CHARSET=utf8mb4 COLLATE=utf8mb4_0900_ai_ci;

-- creditcards.country definition

CREATE TABLE `country` (
  `Country_ID` int NOT NULL AUTO_INCREMENT,
  `Name` varchar(45) DEFAULT NULL,
  PRIMARY KEY (`Country_ID`)
) ENGINE=InnoDB AUTO_INCREMENT=16 DEFAULT CHARSET=utf8mb4 COLLATE=utf8mb4_0900_ai_ci;

-- creditcards.gender definition

CREATE TABLE `gender` (
  `Gender_ID` int NOT NULL AUTO_INCREMENT,
  `Name` varchar(45) DEFAULT NULL,
  PRIMARY KEY (`Gender_ID`)
) ENGINE=InnoDB AUTO_INCREMENT=4 DEFAULT CHARSET=utf8mb4 COLLATE=utf8mb4_0900_ai_ci;

-- creditcards.location definition

CREATE TABLE `location` (
  `Location_ID` int NOT NULL AUTO_INCREMENT,
  `Name` varchar(45) DEFAULT NULL,
  PRIMARY KEY (`Location_ID`)
) ENGINE=InnoDB AUTO_INCREMENT=4 DEFAULT CHARSET=utf8mb4 COLLATE=utf8mb4_0900_ai_ci;

-- creditcards.merchant definition

CREATE TABLE `merchant` (
  `Merchant_ID` int NOT NULL AUTO_INCREMENT,
  `Name` varchar(45) DEFAULT NULL,
  PRIMARY KEY (`Merchant_ID`)
) ENGINE=InnoDB AUTO_INCREMENT=527 DEFAULT CHARSET=utf8mb4 COLLATE=utf8mb4_0900_ai_ci;

-- creditcards.`user` definition

CREATE TABLE `user` (
  `User_ID` varchar(10) NOT NULL,
  `BirthDate` date DEFAULT NULL,
  `Gender_ID` int DEFAULT NULL,
  PRIMARY KEY (`User_ID`),
  KEY `FK_1_idx` (`Gender_ID`),
  CONSTRAINT `FK_1` FOREIGN KEY (`Gender_ID`) REFERENCES `gender` (`Gender_ID`)
) ENGINE=InnoDB DEFAULT CHARSET=utf8mb4 COLLATE=utf8mb4_0900_ai_ci;


-- creditcards.transaction_method definition

CREATE TABLE `transaction_method` (
  `Transaction_Method_ID` int NOT NULL AUTO_INCREMENT,
  `Name` varchar(45) DEFAULT NULL,
  PRIMARY KEY (`Transaction_Method_ID`)
) ENGINE=InnoDB AUTO_INCREMENT=4 DEFAULT CHARSET=utf8mb4 COLLATE=utf8mb4_0900_ai_ci;


-- creditcards.merchant_category definition

CREATE TABLE `merchant_category` (
  `merchant_id` int NOT NULL,
  `category_id` int NOT NULL,
  PRIMARY KEY (`merchant_id`,`category_id`),
  KEY `FK_MC_2_idx` (`category_id`),
  CONSTRAINT `FK_MC_1` FOREIGN KEY (`merchant_id`) REFERENCES `merchant` (`Merchant_ID`),
  CONSTRAINT `FK_MC_2` FOREIGN KEY (`category_id`) REFERENCES `category` (`Category_ID`)
) ENGINE=InnoDB DEFAULT CHARSET=utf8mb4 COLLATE=utf8mb4_0900_ai_ci;


-- creditcards.`transaction` definition

CREATE TABLE `transaction` (
  `Transaction_ID` varchar(20) NOT NULL,
  `Transaction_Amount` decimal(10,2) DEFAULT NULL,
  `Transaction_Date` date DEFAULT NULL,
  `Transaction_Time` time DEFAULT NULL,
  `Country_ID` int DEFAULT NULL,
  `Card_Type_ID` int DEFAULT NULL,
  `IsFraudulent` tinyint DEFAULT NULL,
  `Transaction_Method_ID` int DEFAULT NULL,
  `Account_Balance` decimal(10,2) DEFAULT NULL,
  `Location_ID` int DEFAULT NULL,
  `merchant_id` int DEFAULT NULL,
  `category_id` int DEFAULT NULL,
  PRIMARY KEY (`Transaction_ID`),
  KEY `FK_Transaction_1_idx` (`Country_ID`),
  KEY `FK_Transaction_2_idx` (`Card_Type_ID`),
  KEY `FK_Transaction_2_idx1` (`Transaction_Method_ID`),
  KEY `FK_Transaction_5_idx` (`Location_ID`),
  KEY `FK_transaction_4_idx` (`merchant_id`,`category_id`),
  CONSTRAINT `FK_Transaction_1` FOREIGN KEY (`Country_ID`) REFERENCES `country` (`Country_ID`),
  CONSTRAINT `FK_Transaction_2` FOREIGN KEY (`Card_Type_ID`) REFERENCES `card_type` (`Card_Type_ID`),
  CONSTRAINT `FK_Transaction_3` FOREIGN KEY (`Transaction_Method_ID`) REFERENCES `transaction_method` (`Transaction_Method_ID`),
  CONSTRAINT `FK_transaction_4` FOREIGN KEY (`merchant_id`, `category_id`) REFERENCES `merchant_category` (`merchant_id`, `category_id`),
  CONSTRAINT `FK_Transaction_5` FOREIGN KEY (`Location_ID`) REFERENCES `location` (`Location_ID`)
) ENGINE=InnoDB DEFAULT CHARSET=utf8mb4 COLLATE=utf8mb4_0900_ai_ci;





INSERT INTO card_type (Card_Type_ID,Name) VALUES
	 (1,'Credit'),
	 (2,'Prepaid'),
	 (3,'Debit');

INSERT INTO category (Category_ID,Name) VALUES
	 (15,'Health & Wellness'),
	 (16,'Retail'),
	 (17,'Travel'),
	 (18,'Electronics'),
	 (19,'Food & Beverage'),
	 (20,'Fuel');


INSERT INTO country (Country_ID,Name) VALUES
	 (1,'USA'),
	 (2,'India'),
	 (3,'Germany'),
	 (4,'Australia'),
	 (5,'South Africa'),
	 (6,'UK'),
	 (7,'Brazil'),
	 (8,'Japan'),
	 (9,'France'),
	 (10,'Canada');


INSERT INTO gender (Gender_ID,Name) VALUES
	 (1,'Non-Binary'),
	 (2,'Male'),
	 (3,'Female');


INSERT INTO location (Location_ID,Name) VALUES
	 (1,'Rural'),
	 (2,'Suburban'),
	 (3,'Urban');


INSERT INTO merchant (Merchant_ID,Name) VALUES
	 (512,'Amazon'),
	 (513,'Apple Store'),
	 (514,'Best Buy'),
	 (515,'Costco'),
	 (516,'eBay'),
	 (517,'Shell'),
	 (518,'Starbucks'),
	 (519,'Target'),
	 (520,'Uber'),
	 (521,'Walmart');


INSERT INTO merchant_category (merchant_id,category_id) VALUES
	 (512,15),
	 (513,15),
	 (514,15),
	 (515,15),
	 (516,15),
	 (517,15),
	 (518,15),
	 (519,15),
	 (520,15),
	 (521,15);
INSERT INTO merchant_category (merchant_id,category_id) VALUES
	 (512,16),
	 (513,16),
	 (514,16),
	 (515,16),
	 (516,16),
	 (517,16),
	 (518,16),
	 (519,16),
	 (520,16),
	 (521,16);
INSERT INTO merchant_category (merchant_id,category_id) VALUES
	 (512,17),
	 (513,17),
	 (514,17),
	 (515,17),
	 (516,17),
	 (517,17),
	 (518,17),
	 (519,17),
	 (520,17),
	 (521,17);
INSERT INTO merchant_category (merchant_id,category_id) VALUES
	 (512,18),
	 (513,18),
	 (514,18),
	 (515,18),
	 (516,18),
	 (517,18),
	 (518,18),
	 (519,18),
	 (520,18),
	 (521,18);
INSERT INTO merchant_category (merchant_id,category_id) VALUES
	 (512,19),
	 (513,19),
	 (514,19),
	 (515,19),
	 (516,19),
	 (517,19),
	 (518,19),
	 (519,19),
	 (520,19),
	 (521,19);
INSERT INTO merchant_category (merchant_id,category_id) VALUES
	 (512,20),
	 (513,20),
	 (514,20),
	 (515,20),
	 (516,20),
	 (517,20),
	 (518,20),
	 (519,20),
	 (520,20),
	 (521,20);


INSERT INTO transaction_method (Transaction_Method_ID,Name) VALUES
	 (1,'Online'),
	 (2,'In-Store'),
	 (3,'ATM Withdrawal');


INSERT INTO `user` (User_ID,BirthDate,Gender_ID) VALUES
	 ('U0001','1951-10-19',1),
	 ('U0002','1943-03-10',1),
	 ('U0003','1975-01-14',2),
	 ('U0004','1953-11-04',2),
	 ('U0005','1993-05-12',2),
	 ('U0006','1977-08-06',1),
	 ('U0007','1966-11-20',2),
	 ('U0008','1970-08-22',2),
	 ('U0009','1985-12-16',1),
	 ('U0010','1958-02-06',1);
INSERT INTO `user` (User_ID,BirthDate,Gender_ID) VALUES
	 ('U0011','1987-07-31',1),
	 ('U0012','1966-03-04',2),
	 ('U0013','1975-06-04',2),
	 ('U0014','1977-05-22',1),
	 ('U0015','1981-02-22',1),
	 ('U0016','1992-10-23',1),
	 ('U0017','1959-06-17',1),
	 ('U0018','1962-04-13',3),
	 ('U0019','1943-08-18',1),
	 ('U0020','1961-07-18',3);
INSERT INTO `user` (User_ID,BirthDate,Gender_ID) VALUES
	 ('U0021','1956-11-24',2),
	 ('U0022','1949-01-28',2),
	 ('U0023','1971-02-10',3),
	 ('U0024','1973-03-16',3),
	 ('U0025','1988-01-11',2),
	 ('U0026','1969-09-14',3),
	 ('U0027','1978-08-14',1),
	 ('U0028','1970-09-08',1),
	 ('U0029','1988-12-22',3),
	 ('U0030','1970-11-18',3);
INSERT INTO `user` (User_ID,BirthDate,Gender_ID) VALUES
	 ('U0031','1976-03-15',3),
	 ('U0032','1944-01-28',1),
	 ('U0033','1995-08-10',3),
	 ('U0034','1978-11-12',2),
	 ('U0035','1991-07-03',3),
	 ('U0036','1952-05-15',2),
	 ('U0037','1973-11-13',2),
	 ('U0038','1960-08-22',2),
	 ('U0039','1998-02-14',2),
	 ('U0040','1991-02-25',2);
INSERT INTO `user` (User_ID,BirthDate,Gender_ID) VALUES
	 ('U0041','1948-10-12',2),
	 ('U0042','1982-11-23',3),
	 ('U0043','2005-02-10',1),
	 ('U0044','1971-05-25',3),
	 ('U0045','1989-10-22',1),
	 ('U0046','2000-03-25',3),
	 ('U0047','1987-05-03',1),
	 ('U0048','1959-04-07',3),
	 ('U0049','1943-07-05',1),
	 ('U0050','1985-09-25',3);
INSERT INTO `user` (User_ID,BirthDate,Gender_ID) VALUES
	 ('U0051','1998-10-15',1),
	 ('U0052','1958-07-01',1),
	 ('U0053','1964-05-05',3),
	 ('U0054','1945-07-28',1),
	 ('U0055','1967-05-30',1),
	 ('U0056','1994-09-04',1),
	 ('U0057','1978-04-20',1),
	 ('U0058','1975-05-20',2),
	 ('U0059','1951-10-15',2),
	 ('U0060','1943-11-28',1);
INSERT INTO `user` (User_ID,BirthDate,Gender_ID) VALUES
	 ('U0061','1971-01-31',2),
	 ('U0062','1943-10-08',2),
	 ('U0063','1960-01-10',1),
	 ('U0064','1945-05-22',1),
	 ('U0065','1989-01-09',1),
	 ('U0066','2002-08-12',2),
	 ('U0067','2001-10-05',3),
	 ('U0068','1947-09-15',3),
	 ('U0069','1966-12-15',3),
	 ('U0070','1995-11-01',1);
INSERT INTO `user` (User_ID,BirthDate,Gender_ID) VALUES
	 ('U0071','1974-01-11',3),
	 ('U0072','1991-03-06',1),
	 ('U0073','2001-01-08',3),
	 ('U0074','1996-11-10',3),
	 ('U0075','1988-01-06',2),
	 ('U0076','1996-07-05',1),
	 ('U0077','1943-10-24',3),
	 ('U0078','1996-01-20',1),
	 ('U0079','1942-09-17',3),
	 ('U0080','1947-08-14',3);
INSERT INTO `user` (User_ID,BirthDate,Gender_ID) VALUES
	 ('U0081','1984-04-22',1),
	 ('U0082','1952-07-07',1),
	 ('U0083','1983-09-10',1),
	 ('U0084','1990-01-28',2),
	 ('U0085','1960-04-18',3),
	 ('U0086','2005-08-25',1),
	 ('U0087','1953-01-26',2),
	 ('U0088','1964-04-06',3),
	 ('U0089','1985-04-01',1),
	 ('U0090','1975-04-08',3);
INSERT INTO `user` (User_ID,BirthDate,Gender_ID) VALUES
	 ('U0091','1990-04-26',1),
	 ('U0092','1977-01-03',1),
	 ('U0093','1974-04-17',1),
	 ('U0094','1999-10-05',2),
	 ('U0095','1959-05-26',1),
	 ('U0096','1959-05-09',3),
	 ('U0097','1948-03-26',3),
	 ('U0098','1992-10-01',2),
	 ('U0099','1967-03-07',3),
	 ('U0100','1976-03-26',3);
INSERT INTO `user` (User_ID,BirthDate,Gender_ID) VALUES
	 ('U0101','1957-03-11',2),
	 ('U0102','1999-12-08',1),
	 ('U0103','1989-06-25',2),
	 ('U0104','1993-07-27',3),
	 ('U0105','1990-07-17',1),
	 ('U0106','1992-04-04',3),
	 ('U0107','2003-11-28',2),
	 ('U0108','1943-12-18',1),
	 ('U0109','1943-03-21',2),
	 ('U0110','1992-01-13',3);
INSERT INTO `user` (User_ID,BirthDate,Gender_ID) VALUES
	 ('U0111','1997-11-20',2),
	 ('U0112','1959-02-04',3),
	 ('U0113','1943-07-28',3),
	 ('U0114','1987-09-30',3),
	 ('U0115','1960-04-16',3),
	 ('U0116','1965-01-02',2),
	 ('U0117','1965-02-04',3),
	 ('U0118','2004-07-06',3),
	 ('U0119','1980-11-28',2),
	 ('U0120','1955-03-11',1);
INSERT INTO `user` (User_ID,BirthDate,Gender_ID) VALUES
	 ('U0121','1971-08-27',1),
	 ('U0122','2003-02-04',1),
	 ('U0123','1947-02-26',3),
	 ('U0124','2003-03-01',2),
	 ('U0125','1967-08-25',1),
	 ('U0126','1969-01-01',3),
	 ('U0127','1948-10-26',3),
	 ('U0128','1952-08-30',3),
	 ('U0129','1950-07-03',1),
	 ('U0130','1964-12-04',2);
INSERT INTO `user` (User_ID,BirthDate,Gender_ID) VALUES
	 ('U0131','1972-01-27',1),
	 ('U0132','1968-11-12',1),
	 ('U0133','1946-02-07',2),
	 ('U0134','2002-09-03',2),
	 ('U0135','1947-01-29',3),
	 ('U0136','1993-08-31',1),
	 ('U0137','1985-11-29',1),
	 ('U0138','1992-02-10',1),
	 ('U0139','1951-01-12',3),
	 ('U0140','1952-06-23',2);
INSERT INTO `user` (User_ID,BirthDate,Gender_ID) VALUES
	 ('U0141','1983-12-18',2),
	 ('U0142','2000-06-27',2),
	 ('U0143','1968-12-08',2),
	 ('U0144','1999-02-02',3),
	 ('U0145','1966-05-09',1),
	 ('U0146','1948-06-15',2),
	 ('U0147','1984-07-31',1),
	 ('U0148','2003-04-30',2),
	 ('U0149','1983-10-22',1),
	 ('U0150','1983-01-30',3);
INSERT INTO `user` (User_ID,BirthDate,Gender_ID) VALUES
	 ('U0151','2002-07-14',1),
	 ('U0152','1968-02-09',1),
	 ('U0153','1944-03-22',2),
	 ('U0154','1986-09-27',1),
	 ('U0155','1996-04-14',1),
	 ('U0156','1944-10-27',3),
	 ('U0157','1951-07-20',2),
	 ('U0158','1957-04-01',2),
	 ('U0159','2001-09-23',3),
	 ('U0160','1952-04-06',2);
INSERT INTO `user` (User_ID,BirthDate,Gender_ID) VALUES
	 ('U0161','1944-11-02',2),
	 ('U0162','1978-09-24',3),
	 ('U0163','1997-02-25',1),
	 ('U0164','1956-11-02',1),
	 ('U0165','1984-04-02',1),
	 ('U0166','1999-01-07',2),
	 ('U0167','1977-12-16',1),
	 ('U0168','1983-08-12',2),
	 ('U0169','2002-07-08',3),
	 ('U0170','1948-11-22',3);
INSERT INTO `user` (User_ID,BirthDate,Gender_ID) VALUES
	 ('U0171','1999-03-04',3),
	 ('U0172','1980-02-05',1),
	 ('U0173','1957-07-08',3),
	 ('U0174','1973-08-11',3),
	 ('U0175','1961-05-24',3),
	 ('U0176','1943-09-13',2),
	 ('U0177','1980-06-29',2),
	 ('U0178','1992-04-15',3),
	 ('U0179','1981-09-10',1),
	 ('U0180','1974-03-19',1);
INSERT INTO `user` (User_ID,BirthDate,Gender_ID) VALUES
	 ('U0181','1982-01-26',2),
	 ('U0182','1975-06-21',3),
	 ('U0183','1969-09-20',3),
	 ('U0184','1990-07-18',3),
	 ('U0185','1958-03-13',3),
	 ('U0186','2001-04-07',3),
	 ('U0187','1993-06-28',2),
	 ('U0188','1984-03-08',2),
	 ('U0189','2005-05-11',3),
	 ('U0190','1966-03-01',2);
INSERT INTO `user` (User_ID,BirthDate,Gender_ID) VALUES
	 ('U0191','1992-05-22',2),
	 ('U0192','1960-05-31',3),
	 ('U0193','1958-08-27',1),
	 ('U0194','1947-01-17',1),
	 ('U0195','1989-07-07',1),
	 ('U0196','1965-09-16',1),
	 ('U0197','1996-01-14',2),
	 ('U0198','1946-04-19',1),
	 ('U0199','1949-10-27',3),
	 ('U0200','1973-09-08',1);
INSERT INTO `user` (User_ID,BirthDate,Gender_ID) VALUES
	 ('U0201','1999-01-20',1),
	 ('U0202','1966-08-20',2),
	 ('U0203','1954-10-10',3),
	 ('U0204','1949-10-27',3),
	 ('U0205','1969-12-16',3),
	 ('U0206','1958-06-17',2),
	 ('U0207','2004-03-07',2),
	 ('U0208','1969-07-27',1),
	 ('U0209','1961-01-16',1),
	 ('U0210','1977-06-12',1);
INSERT INTO `user` (User_ID,BirthDate,Gender_ID) VALUES
	 ('U0211','1958-07-26',2),
	 ('U0212','1963-09-08',2),
	 ('U0213','1966-08-18',3),
	 ('U0214','1977-06-03',1),
	 ('U0215','1990-02-23',1),
	 ('U0216','1994-05-13',2),
	 ('U0217','1966-04-05',2),
	 ('U0218','1975-04-14',3),
	 ('U0219','1973-01-18',3),
	 ('U0220','1998-02-21',2);
INSERT INTO `user` (User_ID,BirthDate,Gender_ID) VALUES
	 ('U0221','1968-12-13',3),
	 ('U0222','1962-08-21',2),
	 ('U0223','1945-01-30',3),
	 ('U0224','1960-09-20',3),
	 ('U0225','1949-02-18',3),
	 ('U0226','1977-10-19',2),
	 ('U0227','1992-11-20',2),
	 ('U0228','1975-08-09',1),
	 ('U0229','1996-01-31',2),
	 ('U0230','1981-12-28',3);
INSERT INTO `user` (User_ID,BirthDate,Gender_ID) VALUES
	 ('U0231','1972-04-06',3),
	 ('U0232','1973-05-13',3),
	 ('U0233','1968-07-08',2),
	 ('U0234','1974-09-15',1),
	 ('U0235','1966-02-12',1),
	 ('U0236','1990-10-04',3),
	 ('U0237','2004-10-08',1),
	 ('U0238','1980-05-28',2),
	 ('U0239','2001-09-24',1),
	 ('U0240','1969-08-13',2);
INSERT INTO `user` (User_ID,BirthDate,Gender_ID) VALUES
	 ('U0241','1967-01-18',2),
	 ('U0242','1979-08-28',1),
	 ('U0243','1970-08-07',3),
	 ('U0244','1985-07-24',2),
	 ('U0245','1986-04-12',1),
	 ('U0246','1950-02-21',1),
	 ('U0247','1953-10-28',1),
	 ('U0248','1992-07-10',1),
	 ('U0249','1964-02-10',2),
	 ('U0250','1975-02-16',2);
INSERT INTO `user` (User_ID,BirthDate,Gender_ID) VALUES
	 ('U0251','1971-06-20',2),
	 ('U0252','1995-11-05',2),
	 ('U0253','1967-08-11',2),
	 ('U0254','1959-02-11',2),
	 ('U0255','1996-09-03',2),
	 ('U0256','1997-01-17',2),
	 ('U0257','1951-09-19',2),
	 ('U0258','1946-09-19',3),
	 ('U0259','1981-05-22',2),
	 ('U0260','1992-09-05',1);
INSERT INTO `user` (User_ID,BirthDate,Gender_ID) VALUES
	 ('U0261','1969-09-15',3),
	 ('U0262','1954-12-11',1),
	 ('U0263','1981-07-04',1),
	 ('U0264','1957-02-07',2),
	 ('U0265','1958-05-29',3),
	 ('U0266','1967-05-25',2),
	 ('U0267','1989-06-14',1),
	 ('U0268','2001-02-08',1),
	 ('U0269','1996-03-14',2),
	 ('U0270','1975-02-28',1);
INSERT INTO `user` (User_ID,BirthDate,Gender_ID) VALUES
	 ('U0271','1955-07-27',1),
	 ('U0272','1999-02-22',1),
	 ('U0273','1964-01-23',1),
	 ('U0274','1990-09-02',3),
	 ('U0275','1945-08-13',2),
	 ('U0276','1975-03-11',1),
	 ('U0277','2001-11-12',2),
	 ('U0278','1976-12-15',2),
	 ('U0279','1980-01-25',2),
	 ('U0280','1962-09-02',3);
INSERT INTO `user` (User_ID,BirthDate,Gender_ID) VALUES
	 ('U0281','1981-02-28',3),
	 ('U0282','1951-02-28',2),
	 ('U0283','1966-04-26',3),
	 ('U0284','1951-08-02',1),
	 ('U0285','1944-08-25',1),
	 ('U0286','1954-05-14',1),
	 ('U0287','1961-02-06',1),
	 ('U0288','1943-08-28',1),
	 ('U0289','1987-11-05',3),
	 ('U0290','1966-06-06',1);
INSERT INTO `user` (User_ID,BirthDate,Gender_ID) VALUES
	 ('U0291','1980-06-06',1),
	 ('U0292','1994-09-18',1),
	 ('U0293','1993-02-20',2),
	 ('U0294','1987-04-02',2),
	 ('U0295','1949-04-14',1),
	 ('U0296','1992-10-15',2),
	 ('U0297','1988-05-26',3),
	 ('U0298','1974-01-31',3),
	 ('U0299','1975-02-10',2),
	 ('U0300','1977-04-16',3);


INSERT INTO `transaction` (Transaction_ID,Transaction_Amount,Transaction_Date,Transaction_Time,Country_ID,Card_Type_ID,IsFraudulent,Transaction_Method_ID,Account_Balance,Location_ID,merchant_id,category_id) VALUES
	 ('T00001',21.62,'2022-10-19','08:27:00',1,1,0,1,25786.02,1,521,15),
	 ('T00002',76.66,'2023-03-10','17:58:00',2,2,0,1,25347.05,2,513,15),
	 ('T00003',494.52,'2023-01-14','09:28:00',3,1,0,2,38215.24,1,514,16),
	 ('T00004',300.03,'2023-11-04','09:00:00',4,1,1,3,34663.70,3,513,17),
	 ('T00005',746.05,'2023-05-12','03:24:00',5,3,0,1,8763.38,2,518,18),
	 ('T00006',183.14,'2022-08-06','13:12:00',2,3,0,3,580.54,3,521,15),
	 ('T00007',7.34,'2023-11-20','14:38:00',6,1,0,1,30589.54,2,512,15),
	 ('T00008',124.96,'2022-08-22','16:19:00',7,3,1,1,49258.69,2,514,17),
	 ('T00009',761.87,'2023-12-16','13:49:00',7,3,1,2,37917.82,1,518,19),
	 ('T00010',860.18,'2022-02-06','01:09:00',7,2,0,2,35936.26,1,514,18);
INSERT INTO `transaction` (Transaction_ID,Transaction_Amount,Transaction_Date,Transaction_Time,Country_ID,Card_Type_ID,IsFraudulent,Transaction_Method_ID,Account_Balance,Location_ID,merchant_id,category_id) VALUES
	 ('T00011',803.02,'2023-07-31','08:09:00',1,3,1,2,1470.84,2,520,16),
	 ('T00012',704.88,'2023-03-04','16:46:00',1,1,0,2,19539.06,2,518,20),
	 ('T00013',111.04,'2023-06-04','16:56:00',8,1,0,1,4612.74,1,519,16),
	 ('T00014',66.48,'2023-05-22','02:43:00',8,3,0,1,6024.18,1,517,18),
	 ('T00015',29.16,'2022-02-22','02:00:00',3,2,0,3,20352.16,1,517,18),
	 ('T00016',182.46,'2023-10-23','01:26:00',4,1,1,2,39635.64,2,515,20),
	 ('T00017',835.01,'2022-06-17','07:29:00',4,1,0,2,17672.24,2,519,15),
	 ('T00018',978.10,'2022-04-13','19:20:00',9,2,0,3,8109.27,2,514,19),
	 ('T00019',606.86,'2022-08-18','04:14:00',5,3,0,2,2549.85,1,515,16),
	 ('T00020',104.63,'2022-07-18','07:04:00',6,1,0,1,14900.78,3,512,18);
INSERT INTO `transaction` (Transaction_ID,Transaction_Amount,Transaction_Date,Transaction_Time,Country_ID,Card_Type_ID,IsFraudulent,Transaction_Method_ID,Account_Balance,Location_ID,merchant_id,category_id) VALUES
	 ('T00021',367.62,'2022-11-24','23:00:00',9,3,0,2,27526.13,3,514,17),
	 ('T00022',301.54,'2022-01-28','01:37:00',5,1,1,2,11944.19,2,514,16),
	 ('T00023',398.28,'2023-02-10','13:12:00',3,3,0,1,27596.44,3,515,18),
	 ('T00024',654.33,'2023-03-16','03:08:00',3,1,0,1,11620.07,2,519,15),
	 ('T00025',206.61,'2022-01-11','17:43:00',5,1,1,1,11885.18,3,516,20),
	 ('T00026',703.61,'2023-09-14','05:17:00',10,2,1,2,17591.75,1,518,16),
	 ('T00027',882.24,'2023-08-14','00:38:00',4,2,1,1,11833.73,2,518,18),
	 ('T00028',765.17,'2022-09-08','19:21:00',9,2,1,3,1071.62,2,516,20),
	 ('T00029',392.54,'2022-12-22','14:11:00',8,3,1,1,3161.50,1,513,17),
	 ('T00030',875.74,'2022-11-18','08:18:00',3,2,1,2,23928.74,3,519,15);
INSERT INTO `transaction` (Transaction_ID,Transaction_Amount,Transaction_Date,Transaction_Time,Country_ID,Card_Type_ID,IsFraudulent,Transaction_Method_ID,Account_Balance,Location_ID,merchant_id,category_id) VALUES
	 ('T00031',361.89,'2023-03-15','12:38:00',8,3,0,2,40633.74,3,520,16),
	 ('T00032',117.60,'2023-01-28','02:52:00',6,2,1,3,48902.55,2,517,17),
	 ('T00033',394.88,'2022-08-10','02:00:00',5,3,1,3,43314.09,3,518,17),
	 ('T00034',691.20,'2022-11-12','15:38:00',2,3,1,1,15021.75,2,516,17),
	 ('T00035',924.88,'2022-07-03','05:35:00',4,1,0,2,6724.44,1,515,16),
	 ('T00036',635.68,'2022-05-15','10:17:00',1,2,1,1,44494.67,2,518,18),
	 ('T00037',550.96,'2022-11-13','13:12:00',2,1,1,1,25179.17,2,513,19),
	 ('T00038',590.71,'2023-08-22','20:24:00',2,2,1,2,32504.14,2,515,17),
	 ('T00039',134.96,'2023-02-14','17:07:00',6,2,0,1,16074.75,3,517,19),
	 ('T00040',496.92,'2023-02-25','04:13:00',2,3,0,2,11851.04,1,521,16);
INSERT INTO `transaction` (Transaction_ID,Transaction_Amount,Transaction_Date,Transaction_Time,Country_ID,Card_Type_ID,IsFraudulent,Transaction_Method_ID,Account_Balance,Location_ID,merchant_id,category_id) VALUES
	 ('T00041',930.30,'2023-10-12','14:00:00',3,2,0,1,21552.32,2,516,16),
	 ('T00042',797.82,'2022-11-23','12:18:00',4,3,0,3,5176.24,2,521,18),
	 ('T00043',272.18,'2023-02-10','23:43:00',3,1,1,3,49560.96,1,514,18),
	 ('T00044',512.90,'2023-05-25','21:19:00',10,3,0,1,34917.96,2,514,15),
	 ('T00045',445.31,'2022-10-22','02:14:00',7,1,0,1,36687.48,1,517,17),
	 ('T00046',824.12,'2023-03-25','08:32:00',2,2,1,2,22321.26,3,519,18),
	 ('T00047',689.29,'2023-05-03','23:23:00',1,1,0,2,29362.10,1,521,20),
	 ('T00048',864.00,'2022-04-07','22:31:00',6,1,1,3,3123.98,3,521,19),
	 ('T00049',476.12,'2023-07-05','18:55:00',7,2,1,1,1850.58,1,516,17),
	 ('T00050',712.81,'2022-09-25','12:33:00',7,1,1,3,9561.35,3,515,18);
INSERT INTO `transaction` (Transaction_ID,Transaction_Amount,Transaction_Date,Transaction_Time,Country_ID,Card_Type_ID,IsFraudulent,Transaction_Method_ID,Account_Balance,Location_ID,merchant_id,category_id) VALUES
	 ('T00051',477.46,'2023-10-15','09:19:00',2,1,0,2,7782.75,3,516,17),
	 ('T00052',580.72,'2022-07-01','00:53:00',1,3,0,2,12220.46,2,515,20),
	 ('T00053',382.58,'2023-05-05','10:45:00',3,1,0,1,39206.83,3,516,16),
	 ('T00054',99.23,'2023-07-28','11:26:00',7,2,1,2,702.83,1,518,15),
	 ('T00055',400.86,'2022-05-30','05:22:00',3,3,0,3,17413.57,2,518,18),
	 ('T00056',867.47,'2023-09-04','12:47:00',6,2,0,2,5916.14,3,514,20),
	 ('T00057',392.03,'2022-04-20','17:10:00',6,2,0,3,26968.54,2,512,17),
	 ('T00058',520.05,'2023-05-20','02:17:00',2,1,1,2,17798.31,2,515,17),
	 ('T00059',67.67,'2022-10-15','21:05:00',3,2,0,3,34548.83,2,516,16),
	 ('T00060',573.15,'2022-11-28','21:46:00',9,1,1,3,49108.98,2,513,19);
INSERT INTO `transaction` (Transaction_ID,Transaction_Amount,Transaction_Date,Transaction_Time,Country_ID,Card_Type_ID,IsFraudulent,Transaction_Method_ID,Account_Balance,Location_ID,merchant_id,category_id) VALUES
	 ('T00061',621.63,'2023-01-31','00:25:00',2,1,0,3,10993.75,3,513,15),
	 ('T00062',750.82,'2022-10-08','16:48:00',1,1,1,2,14046.78,2,512,18),
	 ('T00063',514.80,'2023-01-10','20:36:00',5,1,0,3,6573.50,1,512,17),
	 ('T00064',340.65,'2022-05-22','08:50:00',1,1,1,2,21503.51,2,517,16),
	 ('T00065',476.97,'2022-01-09','23:21:00',8,2,0,1,28927.70,2,517,15),
	 ('T00066',418.86,'2023-08-12','16:02:00',2,2,0,3,11174.47,2,521,15),
	 ('T00067',617.85,'2023-10-05','16:58:00',10,3,1,3,29224.50,1,512,15),
	 ('T00068',348.18,'2023-09-15','21:58:00',5,2,1,3,29631.66,3,515,19),
	 ('T00069',76.31,'2023-12-15','05:34:00',7,3,0,2,21678.11,3,515,16),
	 ('T00070',570.54,'2022-11-01','14:17:00',7,2,0,3,36487.94,1,514,18);
INSERT INTO `transaction` (Transaction_ID,Transaction_Amount,Transaction_Date,Transaction_Time,Country_ID,Card_Type_ID,IsFraudulent,Transaction_Method_ID,Account_Balance,Location_ID,merchant_id,category_id) VALUES
	 ('T00071',649.29,'2022-01-11','10:38:00',8,2,0,2,48245.87,3,516,20),
	 ('T00072',263.28,'2023-03-06','13:43:00',3,2,0,1,16036.19,3,521,15),
	 ('T00073',124.81,'2022-01-08','16:32:00',1,1,1,1,8160.47,2,517,18),
	 ('T00074',537.51,'2023-11-10','22:41:00',5,2,0,3,35891.63,2,516,18),
	 ('T00075',147.58,'2023-01-06','22:56:00',5,1,1,1,25529.26,3,512,20),
	 ('T00076',127.19,'2023-07-05','13:22:00',4,2,1,2,43331.36,2,521,20),
	 ('T00077',146.53,'2022-10-24','17:19:00',2,3,1,1,20545.13,1,518,16),
	 ('T00078',165.53,'2022-01-20','03:11:00',6,2,0,1,35195.41,2,521,19),
	 ('T00079',742.94,'2022-09-17','09:41:00',9,1,0,3,14032.00,2,517,19),
	 ('T00080',179.40,'2023-08-14','09:30:00',10,2,1,3,10574.22,1,518,20);
INSERT INTO `transaction` (Transaction_ID,Transaction_Amount,Transaction_Date,Transaction_Time,Country_ID,Card_Type_ID,IsFraudulent,Transaction_Method_ID,Account_Balance,Location_ID,merchant_id,category_id) VALUES
	 ('T00081',851.11,'2023-04-22','14:05:00',7,3,0,1,41501.95,2,516,15),
	 ('T00082',919.50,'2023-07-07','10:53:00',8,2,0,3,39405.01,2,521,19),
	 ('T00083',904.99,'2022-09-10','02:56:00',6,2,1,2,32920.98,3,519,15),
	 ('T00084',735.24,'2022-01-28','17:06:00',6,1,0,2,14025.42,3,513,20),
	 ('T00085',808.05,'2023-04-18','19:23:00',6,2,1,3,6363.06,1,519,19),
	 ('T00086',147.34,'2023-08-25','17:49:00',4,2,0,3,32238.17,3,513,16),
	 ('T00087',896.32,'2023-01-26','00:57:00',10,2,1,2,16540.96,2,517,16),
	 ('T00088',677.36,'2023-04-06','07:03:00',5,2,0,2,46156.93,3,513,19),
	 ('T00089',339.66,'2022-04-01','08:10:00',1,1,0,3,45288.74,1,520,18),
	 ('T00090',67.07,'2023-04-08','14:03:00',6,2,1,3,4061.06,1,513,17);
INSERT INTO `transaction` (Transaction_ID,Transaction_Amount,Transaction_Date,Transaction_Time,Country_ID,Card_Type_ID,IsFraudulent,Transaction_Method_ID,Account_Balance,Location_ID,merchant_id,category_id) VALUES
	 ('T00091',738.89,'2023-04-26','18:22:00',8,1,1,1,23088.36,1,521,17),
	 ('T00092',736.05,'2023-01-03','01:16:00',8,2,1,1,20592.62,1,514,17),
	 ('T00093',667.65,'2023-04-17','20:27:00',2,1,1,2,45512.59,3,516,19),
	 ('T00094',953.60,'2023-10-05','14:52:00',8,1,1,2,10967.21,3,520,17),
	 ('T00095',478.81,'2023-05-26','09:33:00',10,1,1,3,8099.59,1,520,19),
	 ('T00096',840.37,'2022-05-09','04:28:00',5,1,1,2,46583.38,1,520,19),
	 ('T00097',912.43,'2023-03-26','22:27:00',6,2,0,2,26766.07,2,514,17),
	 ('T00098',77.00,'2023-10-01','07:56:00',10,2,1,1,24356.77,1,517,17),
	 ('T00099',643.88,'2022-03-07','12:31:00',5,2,0,3,16311.92,3,516,16),
	 ('T00100',330.95,'2022-03-26','18:30:00',4,2,1,1,35944.22,1,521,16);
INSERT INTO `transaction` (Transaction_ID,Transaction_Amount,Transaction_Date,Transaction_Time,Country_ID,Card_Type_ID,IsFraudulent,Transaction_Method_ID,Account_Balance,Location_ID,merchant_id,category_id) VALUES
	 ('T00101',502.91,'2022-03-11','12:31:00',1,3,1,3,33906.97,2,516,20),
	 ('T00102',932.84,'2023-12-08','19:36:00',8,3,0,3,9967.35,1,514,16),
	 ('T00103',183.67,'2023-06-25','10:20:00',4,2,0,2,40021.47,3,521,17),
	 ('T00104',440.18,'2022-07-27','04:21:00',9,3,0,3,12844.16,2,519,15),
	 ('T00105',594.44,'2022-07-17','11:54:00',10,2,0,1,16677.87,2,519,17),
	 ('T00106',542.37,'2023-04-04','15:56:00',5,3,0,2,20485.65,3,518,19),
	 ('T00107',974.07,'2022-11-28','12:54:00',5,1,1,3,46981.30,2,512,20),
	 ('T00108',479.10,'2023-12-18','01:49:00',8,1,1,3,20552.02,2,514,18),
	 ('T00109',904.64,'2022-03-21','07:40:00',8,1,0,3,10108.40,1,519,15),
	 ('T00110',81.63,'2022-01-13','01:54:00',4,2,1,2,38453.41,2,520,15);
INSERT INTO `transaction` (Transaction_ID,Transaction_Amount,Transaction_Date,Transaction_Time,Country_ID,Card_Type_ID,IsFraudulent,Transaction_Method_ID,Account_Balance,Location_ID,merchant_id,category_id) VALUES
	 ('T00111',895.97,'2023-11-20','20:12:00',1,3,1,1,40460.59,1,521,17),
	 ('T00112',47.77,'2022-02-04','04:24:00',7,2,0,2,10269.51,1,513,17),
	 ('T00113',480.20,'2023-07-28','18:41:00',1,1,1,1,14075.64,3,515,20),
	 ('T00114',132.54,'2022-09-30','07:44:00',10,1,1,3,42233.92,3,520,20),
	 ('T00115',553.09,'2022-04-16','10:36:00',6,2,1,3,1023.32,1,514,15),
	 ('T00116',861.18,'2022-01-02','13:17:00',4,1,1,3,7253.40,3,519,17),
	 ('T00117',43.74,'2022-02-04','16:39:00',5,3,1,2,48098.06,1,520,18),
	 ('T00118',437.35,'2022-07-06','20:48:00',5,3,0,2,16665.73,2,517,18),
	 ('T00119',720.19,'2022-11-28','04:33:00',5,3,0,1,18828.25,2,514,17),
	 ('T00120',415.17,'2022-03-11','14:02:00',8,1,1,1,1066.49,2,517,17);
INSERT INTO `transaction` (Transaction_ID,Transaction_Amount,Transaction_Date,Transaction_Time,Country_ID,Card_Type_ID,IsFraudulent,Transaction_Method_ID,Account_Balance,Location_ID,merchant_id,category_id) VALUES
	 ('T00121',500.50,'2023-08-27','14:15:00',1,1,1,1,49030.08,3,516,19),
	 ('T00122',380.39,'2022-02-04','19:49:00',9,1,1,2,49160.85,2,517,16),
	 ('T00123',122.86,'2022-02-26','00:35:00',3,1,1,3,34555.94,3,520,20),
	 ('T00124',207.35,'2023-03-01','00:31:00',7,1,1,1,14530.42,2,516,17),
	 ('T00125',833.56,'2022-08-25','09:23:00',5,3,1,1,11597.59,2,516,20),
	 ('T00126',989.54,'2024-01-01','23:53:00',1,2,1,1,13587.04,1,514,18),
	 ('T00127',493.75,'2023-10-26','09:51:00',7,3,0,1,28400.83,3,521,17),
	 ('T00128',70.16,'2023-08-30','21:02:00',1,3,0,1,5277.30,1,518,17),
	 ('T00129',241.79,'2023-07-03','03:28:00',6,3,0,2,36789.98,1,515,18),
	 ('T00130',795.93,'2022-12-04','06:57:00',7,1,1,1,42289.72,3,519,16);
INSERT INTO `transaction` (Transaction_ID,Transaction_Amount,Transaction_Date,Transaction_Time,Country_ID,Card_Type_ID,IsFraudulent,Transaction_Method_ID,Account_Balance,Location_ID,merchant_id,category_id) VALUES
	 ('T00131',877.55,'2023-01-27','17:22:00',8,3,0,2,12779.59,3,514,20),
	 ('T00132',863.87,'2023-11-12','05:10:00',4,3,0,1,40954.23,2,520,15),
	 ('T00133',675.88,'2022-02-07','04:15:00',10,2,1,2,39278.59,2,519,19),
	 ('T00134',472.16,'2022-09-03','12:09:00',8,2,0,3,40149.59,1,512,19),
	 ('T00135',995.33,'2023-01-29','04:26:00',2,3,1,1,28597.33,2,517,19),
	 ('T00136',423.27,'2023-08-31','05:07:00',10,2,0,1,24223.73,2,520,19),
	 ('T00137',272.95,'2022-11-29','01:48:00',6,2,1,3,14575.55,1,518,17),
	 ('T00138',339.71,'2022-02-10','05:41:00',4,2,0,3,12187.99,1,517,17),
	 ('T00139',76.87,'2023-01-12','19:11:00',8,3,1,1,22760.92,3,512,17),
	 ('T00140',864.41,'2022-06-23','23:38:00',6,1,1,2,6535.63,1,515,19);
INSERT INTO `transaction` (Transaction_ID,Transaction_Amount,Transaction_Date,Transaction_Time,Country_ID,Card_Type_ID,IsFraudulent,Transaction_Method_ID,Account_Balance,Location_ID,merchant_id,category_id) VALUES
	 ('T00141',801.47,'2022-12-18','05:33:00',6,1,1,1,375.63,3,517,16),
	 ('T00142',442.83,'2022-06-27','11:04:00',4,1,0,2,5866.07,2,515,19),
	 ('T00143',399.43,'2023-12-08','14:52:00',3,1,0,2,22093.70,1,513,15),
	 ('T00144',188.13,'2022-02-02','16:09:00',1,1,1,2,6374.84,2,513,19),
	 ('T00145',296.74,'2023-05-09','09:18:00',10,3,0,2,20763.26,3,518,19),
	 ('T00146',428.70,'2022-06-15','04:53:00',10,1,0,2,801.98,1,521,20),
	 ('T00147',916.21,'2023-07-31','00:14:00',9,3,1,1,47631.16,2,521,20),
	 ('T00148',774.10,'2023-04-30','09:29:00',3,2,1,1,19623.73,2,513,20),
	 ('T00149',703.26,'2023-10-22','06:00:00',1,2,0,1,28761.18,2,517,16),
	 ('T00150',324.14,'2023-01-30','20:28:00',7,1,1,3,24061.27,3,516,15);
INSERT INTO `transaction` (Transaction_ID,Transaction_Amount,Transaction_Date,Transaction_Time,Country_ID,Card_Type_ID,IsFraudulent,Transaction_Method_ID,Account_Balance,Location_ID,merchant_id,category_id) VALUES
	 ('T00151',894.35,'2023-07-14','07:20:00',2,2,0,2,13513.51,1,517,17),
	 ('T00152',873.23,'2023-02-09','21:43:00',8,2,0,1,21675.92,2,518,19),
	 ('T00153',983.02,'2023-03-22','18:59:00',9,2,0,3,7289.85,2,517,19),
	 ('T00154',502.88,'2023-09-27','19:09:00',8,2,0,3,38326.30,3,521,19),
	 ('T00155',381.31,'2022-04-14','01:22:00',7,3,0,1,26005.41,3,513,16),
	 ('T00156',427.37,'2022-10-27','19:52:00',3,3,0,1,11538.86,1,521,19),
	 ('T00157',380.54,'2023-07-20','03:40:00',9,2,1,2,46036.23,1,520,17),
	 ('T00158',636.85,'2023-04-01','20:13:00',3,2,0,2,17408.53,1,517,19),
	 ('T00159',543.73,'2022-09-23','23:01:00',1,2,1,3,7231.24,3,518,19),
	 ('T00160',117.36,'2023-04-06','11:08:00',10,3,1,2,30195.30,3,515,18);
INSERT INTO `transaction` (Transaction_ID,Transaction_Amount,Transaction_Date,Transaction_Time,Country_ID,Card_Type_ID,IsFraudulent,Transaction_Method_ID,Account_Balance,Location_ID,merchant_id,category_id) VALUES
	 ('T00161',50.24,'2022-11-02','10:17:00',10,3,1,2,19742.77,2,520,20),
	 ('T00162',444.52,'2022-09-24','07:15:00',2,1,1,1,27249.97,2,512,17),
	 ('T00163',153.73,'2023-02-25','11:35:00',9,2,0,2,29293.75,3,512,17),
	 ('T00164',481.41,'2022-11-02','07:13:00',6,2,1,3,48549.73,1,512,17),
	 ('T00165',111.78,'2023-04-02','22:17:00',8,1,1,1,1194.82,1,516,18),
	 ('T00166',144.40,'2023-01-07','00:50:00',1,2,1,3,36437.65,2,512,18),
	 ('T00167',865.07,'2023-12-16','05:39:00',5,2,1,2,2154.15,3,518,19),
	 ('T00168',23.62,'2023-08-12','09:02:00',7,1,1,3,36344.35,3,518,17),
	 ('T00169',798.73,'2023-07-08','00:52:00',6,3,1,1,18624.75,3,521,15),
	 ('T00170',646.25,'2023-11-22','04:55:00',4,3,1,2,23064.73,3,513,15);
INSERT INTO `transaction` (Transaction_ID,Transaction_Amount,Transaction_Date,Transaction_Time,Country_ID,Card_Type_ID,IsFraudulent,Transaction_Method_ID,Account_Balance,Location_ID,merchant_id,category_id) VALUES
	 ('T00171',696.56,'2022-03-04','00:04:00',3,1,0,2,4156.01,2,520,19),
	 ('T00172',565.77,'2023-02-05','09:52:00',8,3,1,3,18367.35,1,517,19),
	 ('T00173',719.27,'2022-07-08','13:58:00',7,2,1,2,27518.82,1,515,18),
	 ('T00174',848.63,'2022-08-11','21:14:00',4,1,0,3,34353.58,3,514,15),
	 ('T00175',76.25,'2022-05-24','18:36:00',7,3,1,1,2136.90,2,519,16),
	 ('T00176',406.92,'2023-09-13','03:33:00',9,1,1,1,46959.95,1,521,20),
	 ('T00177',89.66,'2023-06-29','14:01:00',9,3,1,1,25454.43,1,517,17),
	 ('T00178',16.25,'2022-04-15','12:59:00',3,2,0,2,17013.06,1,521,16),
	 ('T00179',1.05,'2022-09-10','07:44:00',1,2,0,2,34841.07,2,521,16),
	 ('T00180',897.01,'2022-03-19','13:56:00',8,1,1,2,2567.76,2,518,15);
INSERT INTO `transaction` (Transaction_ID,Transaction_Amount,Transaction_Date,Transaction_Time,Country_ID,Card_Type_ID,IsFraudulent,Transaction_Method_ID,Account_Balance,Location_ID,merchant_id,category_id) VALUES
	 ('T00181',904.84,'2022-01-26','22:42:00',7,1,0,3,17444.49,3,516,17),
	 ('T00182',155.47,'2023-06-21','10:21:00',7,3,1,3,36194.91,3,517,20),
	 ('T00183',780.95,'2022-09-20','11:25:00',4,3,1,2,20749.56,3,519,17),
	 ('T00184',404.25,'2022-07-18','23:10:00',1,2,1,1,5354.76,2,518,15),
	 ('T00185',114.65,'2023-03-13','04:19:00',1,2,1,1,24323.53,2,517,16),
	 ('T00186',712.51,'2023-04-07','08:22:00',1,3,1,2,1028.76,1,517,20),
	 ('T00187',187.69,'2023-06-28','05:07:00',6,3,1,1,29746.82,1,515,16),
	 ('T00188',808.51,'2023-03-08','20:56:00',2,1,0,1,18777.49,2,519,19),
	 ('T00189',956.84,'2023-05-11','03:44:00',7,1,1,3,28179.36,2,517,15),
	 ('T00190',21.37,'2023-03-01','07:09:00',2,3,1,2,10307.17,2,515,17);
INSERT INTO `transaction` (Transaction_ID,Transaction_Amount,Transaction_Date,Transaction_Time,Country_ID,Card_Type_ID,IsFraudulent,Transaction_Method_ID,Account_Balance,Location_ID,merchant_id,category_id) VALUES
	 ('T00191',384.86,'2022-05-22','12:04:00',6,1,1,1,28054.50,1,519,19),
	 ('T00192',954.59,'2022-05-31','20:19:00',7,3,0,1,26674.09,3,518,19),
	 ('T00193',53.02,'2022-08-27','03:59:00',10,2,0,1,40107.83,1,521,20),
	 ('T00194',764.19,'2022-01-17','11:08:00',2,2,1,1,29470.43,2,517,17),
	 ('T00195',592.06,'2023-07-07','16:06:00',6,1,0,1,45454.98,3,516,16),
	 ('T00196',448.95,'2022-09-16','11:48:00',3,2,0,2,3407.45,1,513,16),
	 ('T00197',301.02,'2022-01-14','06:48:00',9,1,1,3,20340.91,3,521,17),
	 ('T00198',157.54,'2023-04-19','05:45:00',7,3,1,3,163.65,2,518,16),
	 ('T00199',643.79,'2022-10-27','09:19:00',3,3,1,1,18941.47,1,519,19),
	 ('T00200',546.29,'2022-09-08','21:05:00',9,2,0,2,31824.55,1,516,16);
INSERT INTO `transaction` (Transaction_ID,Transaction_Amount,Transaction_Date,Transaction_Time,Country_ID,Card_Type_ID,IsFraudulent,Transaction_Method_ID,Account_Balance,Location_ID,merchant_id,category_id) VALUES
	 ('T00201',905.62,'2023-01-20','15:16:00',7,3,1,3,34629.99,1,515,19),
	 ('T00202',967.03,'2023-08-20','23:50:00',7,1,0,2,21488.08,1,516,16),
	 ('T00203',260.50,'2023-10-10','19:22:00',4,3,0,2,38462.24,2,512,18),
	 ('T00204',107.35,'2023-10-27','21:45:00',3,1,1,1,19378.73,2,518,19),
	 ('T00205',132.50,'2023-12-16','16:42:00',9,2,0,1,31519.47,2,519,20),
	 ('T00206',801.85,'2022-06-17','19:26:00',6,3,1,2,40755.04,2,517,20),
	 ('T00207',232.44,'2022-03-07','00:54:00',7,2,1,3,40501.09,2,518,19),
	 ('T00208',940.50,'2022-07-27','17:21:00',3,2,0,1,25060.10,3,520,15),
	 ('T00209',921.60,'2023-01-16','05:39:00',2,1,1,3,30818.36,2,515,20),
	 ('T00210',373.44,'2022-06-12','13:44:00',5,2,1,2,15813.93,3,517,17);
INSERT INTO `transaction` (Transaction_ID,Transaction_Amount,Transaction_Date,Transaction_Time,Country_ID,Card_Type_ID,IsFraudulent,Transaction_Method_ID,Account_Balance,Location_ID,merchant_id,category_id) VALUES
	 ('T00211',577.59,'2023-07-26','16:20:00',3,3,1,3,40320.42,3,517,19),
	 ('T00212',975.45,'2023-09-08','01:36:00',4,2,0,2,18073.10,1,519,20),
	 ('T00213',536.12,'2023-08-18','03:07:00',1,2,0,1,10226.09,3,518,16),
	 ('T00214',865.33,'2023-06-03','19:19:00',1,1,0,1,32416.83,1,519,18),
	 ('T00215',390.63,'2022-02-23','10:19:00',3,1,1,3,3211.76,3,519,18),
	 ('T00216',431.34,'2022-05-13','16:46:00',9,2,0,1,49650.78,1,513,18),
	 ('T00217',579.75,'2023-04-05','22:26:00',10,2,0,1,35065.92,2,516,15),
	 ('T00218',286.19,'2023-04-14','23:31:00',6,3,1,2,15985.38,2,512,18),
	 ('T00219',961.52,'2023-01-18','22:41:00',6,2,0,2,18990.25,2,515,16),
	 ('T00220',603.07,'2023-02-21','19:17:00',10,1,1,3,44977.52,2,520,15);
INSERT INTO `transaction` (Transaction_ID,Transaction_Amount,Transaction_Date,Transaction_Time,Country_ID,Card_Type_ID,IsFraudulent,Transaction_Method_ID,Account_Balance,Location_ID,merchant_id,category_id) VALUES
	 ('T00221',258.63,'2023-12-13','05:54:00',10,1,0,2,38607.74,2,515,20),
	 ('T00222',398.66,'2022-08-21','03:18:00',6,2,0,3,8353.31,1,512,18),
	 ('T00223',695.14,'2022-01-30','02:17:00',8,3,1,3,11523.95,1,521,16),
	 ('T00224',892.98,'2022-09-20','10:16:00',4,3,1,3,24284.41,2,514,15),
	 ('T00225',905.13,'2022-02-18','18:58:00',1,1,1,3,45056.60,3,521,18),
	 ('T00226',941.10,'2022-10-19','20:17:00',10,2,1,3,20513.27,1,518,17),
	 ('T00227',889.44,'2023-11-20','08:56:00',6,2,0,2,28527.81,3,517,18),
	 ('T00228',580.91,'2022-08-09','19:21:00',7,2,0,3,42839.42,1,521,17),
	 ('T00229',491.61,'2022-01-31','03:46:00',10,1,0,2,6191.25,1,516,20),
	 ('T00230',640.73,'2023-12-28','23:15:00',5,1,0,2,3482.05,2,512,15);
INSERT INTO `transaction` (Transaction_ID,Transaction_Amount,Transaction_Date,Transaction_Time,Country_ID,Card_Type_ID,IsFraudulent,Transaction_Method_ID,Account_Balance,Location_ID,merchant_id,category_id) VALUES
	 ('T00231',657.06,'2023-04-06','15:31:00',2,2,1,2,4407.26,2,514,17),
	 ('T00232',866.26,'2023-05-13','03:43:00',5,3,1,1,24446.69,1,515,20),
	 ('T00233',922.31,'2023-07-08','10:09:00',5,1,0,1,10079.61,1,516,18),
	 ('T00234',690.75,'2022-09-15','21:29:00',2,3,0,1,24200.77,2,513,16),
	 ('T00235',86.36,'2022-02-12','13:24:00',4,1,0,3,24733.35,3,517,17),
	 ('T00236',111.20,'2023-10-04','21:36:00',5,2,1,1,1470.48,1,519,17),
	 ('T00237',398.27,'2022-10-08','00:34:00',7,2,1,3,25324.73,1,518,15),
	 ('T00238',69.65,'2023-05-28','07:44:00',8,1,0,2,21176.11,2,517,19),
	 ('T00239',63.80,'2023-09-24','01:29:00',10,2,1,2,40063.05,3,520,20),
	 ('T00240',505.21,'2022-08-13','08:42:00',9,1,1,3,44707.91,3,519,16);
INSERT INTO `transaction` (Transaction_ID,Transaction_Amount,Transaction_Date,Transaction_Time,Country_ID,Card_Type_ID,IsFraudulent,Transaction_Method_ID,Account_Balance,Location_ID,merchant_id,category_id) VALUES
	 ('T00241',619.30,'2023-01-18','08:12:00',8,3,1,1,3536.57,1,520,15),
	 ('T00242',871.04,'2022-08-28','21:53:00',8,2,1,3,29618.06,1,518,16),
	 ('T00243',791.50,'2022-08-07','01:45:00',9,2,1,3,23024.95,2,515,16),
	 ('T00244',681.28,'2023-07-24','23:32:00',5,3,0,2,13086.74,2,514,16),
	 ('T00245',559.94,'2023-04-12','12:20:00',8,2,1,2,35909.78,1,515,15),
	 ('T00246',51.19,'2023-02-21','22:37:00',5,3,1,1,29235.43,1,513,17),
	 ('T00247',919.47,'2022-10-28','07:24:00',5,1,1,1,16022.32,2,520,19),
	 ('T00248',159.50,'2022-07-10','23:10:00',1,3,1,3,43432.46,3,517,15),
	 ('T00249',328.41,'2022-02-10','18:08:00',7,3,1,3,30309.21,1,515,20),
	 ('T00250',662.25,'2022-02-16','09:34:00',5,2,1,2,36958.34,3,514,18);
INSERT INTO `transaction` (Transaction_ID,Transaction_Amount,Transaction_Date,Transaction_Time,Country_ID,Card_Type_ID,IsFraudulent,Transaction_Method_ID,Account_Balance,Location_ID,merchant_id,category_id) VALUES
	 ('T00251',345.94,'2023-06-20','03:49:00',6,2,0,3,47575.72,1,517,20),
	 ('T00252',350.04,'2023-11-05','23:10:00',3,3,1,3,25502.63,2,516,20),
	 ('T00253',808.45,'2022-08-11','13:19:00',7,3,1,3,40009.97,2,515,19),
	 ('T00254',167.23,'2022-02-11','21:58:00',6,3,1,3,26949.35,1,520,17),
	 ('T00255',38.26,'2023-09-03','10:13:00',10,3,0,1,33303.23,2,514,20),
	 ('T00256',995.40,'2023-01-17','19:18:00',4,1,0,3,9665.94,1,515,15),
	 ('T00257',73.08,'2023-09-19','18:41:00',2,1,0,1,4611.06,1,513,17),
	 ('T00258',462.86,'2023-09-19','14:11:00',10,3,1,2,22088.79,1,514,15),
	 ('T00259',992.93,'2022-05-22','09:34:00',9,3,1,2,16742.03,1,515,18),
	 ('T00260',760.16,'2023-09-05','06:12:00',3,2,0,3,28995.00,3,512,16);
INSERT INTO `transaction` (Transaction_ID,Transaction_Amount,Transaction_Date,Transaction_Time,Country_ID,Card_Type_ID,IsFraudulent,Transaction_Method_ID,Account_Balance,Location_ID,merchant_id,category_id) VALUES
	 ('T00261',406.36,'2023-09-15','17:57:00',9,3,0,2,16093.90,3,517,20),
	 ('T00262',414.23,'2023-12-11','11:40:00',4,3,1,3,30746.35,2,518,19),
	 ('T00263',391.58,'2022-07-04','00:49:00',1,2,1,3,30926.78,2,519,20),
	 ('T00264',381.96,'2023-02-07','20:40:00',9,2,0,2,42919.63,3,518,20),
	 ('T00265',747.03,'2023-05-29','16:05:00',8,1,0,2,37375.08,1,518,17),
	 ('T00266',830.57,'2023-05-25','08:48:00',4,3,1,2,17437.35,2,518,18),
	 ('T00267',504.18,'2023-06-14','13:15:00',3,2,0,1,19118.08,1,518,18),
	 ('T00268',207.14,'2022-02-08','15:20:00',9,2,0,3,49416.40,3,514,18),
	 ('T00269',265.63,'2022-03-14','20:36:00',4,3,0,2,16832.22,1,521,17),
	 ('T00270',371.63,'2022-02-28','20:32:00',9,3,1,3,20108.62,1,514,16);
INSERT INTO `transaction` (Transaction_ID,Transaction_Amount,Transaction_Date,Transaction_Time,Country_ID,Card_Type_ID,IsFraudulent,Transaction_Method_ID,Account_Balance,Location_ID,merchant_id,category_id) VALUES
	 ('T00271',491.86,'2023-07-27','01:03:00',5,2,1,1,28679.57,1,513,19),
	 ('T00272',126.17,'2022-02-22','06:06:00',9,3,0,3,45824.86,3,519,20),
	 ('T00273',691.24,'2022-01-23','00:56:00',8,1,1,3,23399.44,1,512,16),
	 ('T00274',737.68,'2023-09-02','11:50:00',2,2,0,1,46984.16,3,518,16),
	 ('T00275',535.72,'2022-08-13','16:36:00',8,2,1,3,49823.82,3,517,16),
	 ('T00276',814.02,'2022-03-11','03:10:00',6,1,1,1,46611.50,2,513,17),
	 ('T00277',54.50,'2023-11-12','06:04:00',5,2,1,2,17408.46,3,514,20),
	 ('T00278',655.08,'2022-12-15','17:52:00',6,1,0,2,24747.75,3,512,18),
	 ('T00279',725.02,'2023-01-25','18:56:00',5,1,1,1,27593.21,2,521,15),
	 ('T00280',195.21,'2022-09-02','02:07:00',1,1,1,1,5445.12,2,521,20);
INSERT INTO `transaction` (Transaction_ID,Transaction_Amount,Transaction_Date,Transaction_Time,Country_ID,Card_Type_ID,IsFraudulent,Transaction_Method_ID,Account_Balance,Location_ID,merchant_id,category_id) VALUES
	 ('T00281',320.68,'2023-02-28','06:32:00',9,2,1,1,19964.04,3,516,15),
	 ('T00282',669.26,'2023-02-28','05:55:00',3,1,0,3,16054.08,2,519,20),
	 ('T00283',455.64,'2022-04-26','07:33:00',2,3,0,3,18266.60,2,520,19),
	 ('T00284',305.64,'2022-08-02','14:02:00',6,3,0,1,35521.49,3,515,17),
	 ('T00285',557.23,'2023-08-25','03:12:00',6,2,0,3,42318.40,1,514,18),
	 ('T00286',258.81,'2022-05-14','23:35:00',6,3,0,2,28852.05,2,518,16),
	 ('T00287',85.56,'2022-02-06','01:49:00',8,1,1,2,34847.78,2,517,15),
	 ('T00288',563.62,'2023-08-28','17:30:00',1,3,1,1,13786.33,2,521,16),
	 ('T00289',555.59,'2023-11-05','06:51:00',2,3,0,3,16000.62,2,518,15),
	 ('T00290',470.08,'2022-06-06','04:41:00',3,3,0,1,21799.98,1,515,18);
INSERT INTO `transaction` (Transaction_ID,Transaction_Amount,Transaction_Date,Transaction_Time,Country_ID,Card_Type_ID,IsFraudulent,Transaction_Method_ID,Account_Balance,Location_ID,merchant_id,category_id) VALUES
	 ('T00291',855.93,'2022-06-06','05:13:00',9,1,1,3,35757.68,2,520,15),
	 ('T00292',114.12,'2022-09-18','10:04:00',9,2,1,1,41242.92,1,515,20),
	 ('T00293',43.46,'2023-02-20','03:37:00',6,3,1,3,37432.20,3,521,18),
	 ('T00294',46.76,'2023-04-02','00:38:00',9,3,1,3,49433.36,2,512,19),
	 ('T00295',403.32,'2023-04-14','21:13:00',4,3,1,2,35129.51,2,517,18),
	 ('T00296',34.35,'2022-10-15','00:14:00',7,3,1,2,44759.64,1,517,16),
	 ('T00297',683.93,'2023-05-26','23:41:00',1,3,0,2,24259.30,3,521,15),
	 ('T00298',907.70,'2023-01-31','14:58:00',1,2,1,2,40286.32,2,516,16),
	 ('T00299',248.32,'2023-02-10','20:56:00',5,3,0,1,13812.69,1,517,17),
	 ('T00300',346.80,'2023-04-16','20:04:00',4,2,0,2,23593.13,1,512,20);
